x,y,a_true,b_true,c_true,sigma_true
-0.81555223,2.691476,1.5,-0.7,0.3,0.6
0.06624913,0.12662493,1.5,-0.7,0.3,0.6
-0.9933171,3.1093004,1.5,-0.7,0.3,0.6
0.75422716,0.8465317,1.5,-0.7,0.3,0.6
-1.7041101,6.9503994,1.5,-0.7,0.3,0.6
1.4660878,3.2752588,1.5,-0.7,0.3,0.6
-1.4536805,4.970032,1.5,-0.7,0.3,0.6
-1.5900838,4.8343267,1.5,-0.7,0.3,0.6
-1.2637742,2.8726068,1.5,-0.7,0.3,0.6
0.905787,1.0996035,1.5,-0.7,0.3,0.6
-0.73898435,2.1955671,1.5,-0.7,0.3,0.6
0.7484267,1.0624781,1.5,-0.7,0.3,0.6
-1.6974587,5.9596705,1.5,-0.7,0.3,0.6
-1.2134473,2.529254,1.5,-0.7,0.3,0.6
-0.7343521,1.1438757,1.5,-0.7,0.3,0.6
-0.39303946,1.1890072,1.5,-0.7,0.3,0.6
-1.5257268,3.927949,1.5,-0.7,0.3,0.6
1.3095815,0.97826785,1.5,-0.7,0.3,0.6
-0.47166228,1.330289,1.5,-0.7,0.3,0.6
0.6419754,1.2319064,1.5,-0.7,0.3,0.6
1.4142871,1.7450118,1.5,-0.7,0.3,0.6
0.372612,0.08738603,1.5,-0.7,0.3,0.6
0.54690146,0.17283736,1.5,-0.7,0.3,0.6
1.9305174,4.8092384,1.5,-0.7,0.3,0.6
-0.9020188,2.3749502,1.5,-0.7,0.3,0.6
0.6335025,0.8459699,1.5,-0.7,0.3,0.6
-0.88983226,2.458837,1.5,-0.7,0.3,0.6
1.4292994,2.5889466,1.5,-0.7,0.3,0.6
1.5973129,3.2665446,1.5,-0.7,0.3,0.6
-1.8439445,6.2544246,1.5,-0.7,0.3,0.6
1.7072916,3.1455305,1.5,-0.7,0.3,0.6
0.9550288,1.37095,1.5,-0.7,0.3,0.6
0.8715341,-0.027731478,1.5,-0.7,0.3,0.6
0.8233497,1.0775031,1.5,-0.7,0.3,0.6
1.6625981,3.7445924,1.5,-0.7,0.3,0.6
-0.2640791,0.8034306,1.5,-0.7,0.3,0.6
-1.691397,5.69917,1.5,-0.7,0.3,0.6
-0.57389784,1.7625837,1.5,-0.7,0.3,0.6
-1.4085493,4.3499846,1.5,-0.7,0.3,0.6
0.13221335,0.3940416,1.5,-0.7,0.3,0.6
-0.373415,1.3385912,1.5,-0.7,0.3,0.6
-1.0727699,2.6928322,1.5,-0.7,0.3,0.6
-0.1818428,0.4966056,1.5,-0.7,0.3,0.6
1.8948076,3.066585,1.5,-0.7,0.3,0.6
-0.15775084,1.2849149,1.5,-0.7,0.3,0.6
0.063500166,0.9723212,1.5,-0.7,0.3,0.6
-0.31192112,0.58896863,1.5,-0.7,0.3,0.6
0.31441402,0.37918532,1.5,-0.7,0.3,0.6
1.7820253,4.6008368,1.5,-0.7,0.3,0.6
1.2229857,1.7771765,1.5,-0.7,0.3,0.6
0.709923,1.237951,1.5,-0.7,0.3,0.6
0.4346211,0.4017681,1.5,-0.7,0.3,0.6
0.47158575,1.0493093,1.5,-0.7,0.3,0.6
0.77266645,0.6300953,1.5,-0.7,0.3,0.6
-0.25844693,1.0305406,1.5,-0.7,0.3,0.6
-1.8588176,6.965546,1.5,-0.7,0.3,0.6
-1.2368238,3.0049345,1.5,-0.7,0.3,0.6
1.7071714,2.9041114,1.5,-0.7,0.3,0.6
0.11954689,-0.73186874,1.5,-0.7,0.3,0.6
-1.620147,5.3104477,1.5,-0.7,0.3,0.6
0.31545496,-0.4621523,1.5,-0.7,0.3,0.6
1.6525433,2.1466932,1.5,-0.7,0.3,0.6
-1.8899994,7.6804276,1.5,-0.7,0.3,0.6
-1.3464787,2.5636313,1.5,-0.7,0.3,0.6
-0.7965312,2.1129744,1.5,-0.7,0.3,0.6
0.08027506,-0.6683197,1.5,-0.7,0.3,0.6
-0.4664588,0.58533776,1.5,-0.7,0.3,0.6
-0.21978235,1.552716,1.5,-0.7,0.3,0.6
-1.9497802,7.5517397,1.5,-0.7,0.3,0.6
0.93655825,1.272001,1.5,-0.7,0.3,0.6
1.7554865,4.173661,1.5,-0.7,0.3,0.6
1.2224767,2.8125598,1.5,-0.7,0.3,0.6
-1.4162648,4.9201694,1.5,-0.7,0.3,0.6
-1.6122067,5.5097146,1.5,-0.7,0.3,0.6
0.83050466,1.3551686,1.5,-0.7,0.3,0.6
0.044917107,0.44344872,1.5,-0.7,0.3,0.6
0.8198619,0.79864824,1.5,-0.7,0.3,0.6
-1.9543028,7.5956535,1.5,-0.7,0.3,0.6
-0.119246006,0.6475447,1.5,-0.7,0.3,0.6
1.4104874,3.0845814,1.5,-0.7,0.3,0.6
0.9278228,0.8730315,1.5,-0.7,0.3,0.6
0.07303476,-0.5336598,1.5,-0.7,0.3,0.6
0.39323807,0.68117857,1.5,-0.7,0.3,0.6
-0.18936014,0.6390663,1.5,-0.7,0.3,0.6
-1.0996671,2.71026,1.5,-0.7,0.3,0.6
-0.7557986,1.5574517,1.5,-0.7,0.3,0.6
-1.2179594,4.1961203,1.5,-0.7,0.3,0.6
1.6612184,2.911994,1.5,-0.7,0.3,0.6
1.1005733,1.9695842,1.5,-0.7,0.3,0.6
0.69944525,-0.7676431,1.5,-0.7,0.3,0.6
-1.533705,4.9908123,1.5,-0.7,0.3,0.6
1.5432436,2.2835045,1.5,-0.7,0.3,0.6
0.62708545,0.91465026,1.5,-0.7,0.3,0.6
1.3835893,1.3885422,1.5,-0.7,0.3,0.6
-0.7867801,1.0745642,1.5,-0.7,0.3,0.6
0.42399383,-0.03472635,1.5,-0.7,0.3,0.6
1.9527647,4.747867,1.5,-0.7,0.3,0.6
1.3453183,2.6169708,1.5,-0.7,0.3,0.6
1.6039934,1.9299123,1.5,-0.7,0.3,0.6
-0.41996956,0.97439694,1.5,-0.7,0.3,0.6
1.5237544,1.4198577,1.5,-0.7,0.3,0.6
-1.5664644,5.2172594,1.5,-0.7,0.3,0.6
0.17297792,0.2366883,1.5,-0.7,0.3,0.6
-1.1261098,4.1117053,1.5,-0.7,0.3,0.6
-0.46643043,0.96971565,1.5,-0.7,0.3,0.6
-0.5121949,1.1867089,1.5,-0.7,0.3,0.6
0.14963818,1.0387723,1.5,-0.7,0.3,0.6
1.8202794,4.1184173,1.5,-0.7,0.3,0.6
0.99016786,1.4160508,1.5,-0.7,0.3,0.6
-0.008472443,0.037341297,1.5,-0.7,0.3,0.6
1.4196911,1.7317607,1.5,-0.7,0.3,0.6
-1.0249112,2.918191,1.5,-0.7,0.3,0.6
1.0307429,0.7956319,1.5,-0.7,0.3,0.6
-0.18546534,0.6311476,1.5,-0.7,0.3,0.6
-0.34802175,1.0997583,1.5,-0.7,0.3,0.6
0.23414683,1.0917257,1.5,-0.7,0.3,0.6
-1.5321934,5.69689,1.5,-0.7,0.3,0.6
0.23111463,0.1466473,1.5,-0.7,0.3,0.6
0.67247605,1.1832142,1.5,-0.7,0.3,0.6
1.7098634,3.6536677,1.5,-0.7,0.3,0.6
-0.62268615,0.8819641,1.5,-0.7,0.3,0.6
0.7200551,0.83911455,1.5,-0.7,0.3,0.6
1.9990242,4.961255,1.5,-0.7,0.3,0.6
-0.85793805,2.4435148,1.5,-0.7,0.3,0.6
1.9011848,4.249589,1.5,-0.7,0.3,0.6
-0.99298406,4.1069083,1.5,-0.7,0.3,0.6
0.8815899,0.23556012,1.5,-0.7,0.3,0.6
0.7835002,0.96507967,1.5,-0.7,0.3,0.6
0.5586562,-0.71958613,1.5,-0.7,0.3,0.6
1.5816061,2.5587344,1.5,-0.7,0.3,0.6
-0.80832887,2.3372936,1.5,-0.7,0.3,0.6
0.5256381,0.37084338,1.5,-0.7,0.3,0.6
0.01122427,0.6373278,1.5,-0.7,0.3,0.6
-1.5042832,4.5086665,1.5,-0.7,0.3,0.6
-0.4856279,0.402525,1.5,-0.7,0.3,0.6
-1.3356462,3.539894,1.5,-0.7,0.3,0.6
0.8843107,1.8411987,1.5,-0.7,0.3,0.6
0.17979193,0.3419903,1.5,-0.7,0.3,0.6
0.19592929,-0.48658708,1.5,-0.7,0.3,0.6
-0.6067414,1.2809142,1.5,-0.7,0.3,0.6
0.00961709,0.6541611,1.5,-0.7,0.3,0.6
-0.6220863,0.80303425,1.5,-0.7,0.3,0.6
0.5746722,0.7022704,1.5,-0.7,0.3,0.6
1.9423394,4.917938,1.5,-0.7,0.3,0.6
0.30294108,-0.10550691,1.5,-0.7,0.3,0.6
-0.8858366,2.6167884,1.5,-0.7,0.3,0.6
-1.2216561,3.4958065,1.5,-0.7,0.3,0.6
0.15287805,1.4159361,1.5,-0.7,0.3,0.6
-1.4836924,3.9146566,1.5,-0.7,0.3,0.6
-1.5033004,4.784951,1.5,-0.7,0.3,0.6
-1.301754,4.2485614,1.5,-0.7,0.3,0.6
-0.6792896,1.4519397,1.5,-0.7,0.3,0.6
0.14803505,0.826489,1.5,-0.7,0.3,0.6
1.3772233,3.5894094,1.5,-0.7,0.3,0.6
0.7746787,0.5905534,1.5,-0.7,0.3,0.6
1.5322375,2.52935,1.5,-0.7,0.3,0.6
-1.2557948,2.9140406,1.5,-0.7,0.3,0.6
0.16877627,-0.17950375,1.5,-0.7,0.3,0.6
-1.7777615,5.939308,1.5,-0.7,0.3,0.6
1.1473143,0.9139048,1.5,-0.7,0.3,0.6
0.4168198,-0.19731724,1.5,-0.7,0.3,0.6
1.9344294,3.7334697,1.5,-0.7,0.3,0.6
-1.4224243,4.3045425,1.5,-0.7,0.3,0.6
1.6038597,4.8100977,1.5,-0.7,0.3,0.6
1.688453,2.6472573,1.5,-0.7,0.3,0.6
1.6170352,3.5503392,1.5,-0.7,0.3,0.6
0.28538966,-0.58141565,1.5,-0.7,0.3,0.6
1.8185587,3.6385434,1.5,-0.7,0.3,0.6
1.33567,4.0298448,1.5,-0.7,0.3,0.6
1.4921587,2.1226592,1.5,-0.7,0.3,0.6
-0.12992167,0.4559426,1.5,-0.7,0.3,0.6
-1.5347962,6.705119,1.5,-0.7,0.3,0.6
-0.024888039,0.4193483,1.5,-0.7,0.3,0.6
0.37507653,0.1568392,1.5,-0.7,0.3,0.6
-1.3623381,4.0454526,1.5,-0.7,0.3,0.6
-1.1472783,2.9387908,1.5,-0.7,0.3,0.6
-1.9174929,7.8146877,1.5,-0.7,0.3,0.6
-0.70109487,1.1892984,1.5,-0.7,0.3,0.6
1.742137,4.171149,1.5,-0.7,0.3,0.6
0.34199214,-0.040045768,1.5,-0.7,0.3,0.6
-0.1221602,1.3541949,1.5,-0.7,0.3,0.6
0.08031607,1.8994339,1.5,-0.7,0.3,0.6
1.2470913,3.436498,1.5,-0.7,0.3,0.6
-1.7661271,5.748547,1.5,-0.7,0.3,0.6
-1.5431793,5.186511,1.5,-0.7,0.3,0.6
-0.66494083,1.2288206,1.5,-0.7,0.3,0.6
-1.1510363,2.5357594,1.5,-0.7,0.3,0.6
1.0315702,0.9954249,1.5,-0.7,0.3,0.6
1.413167,2.4317153,1.5,-0.7,0.3,0.6
-1.9404516,7.111029,1.5,-0.7,0.3,0.6
-1.6973593,6.1615086,1.5,-0.7,0.3,0.6
-1.9476357,6.985988,1.5,-0.7,0.3,0.6
0.754509,-0.99243754,1.5,-0.7,0.3,0.6
1.609709,2.9091294,1.5,-0.7,0.3,0.6
-1.5506802,4.4573655,1.5,-0.7,0.3,0.6
-0.92591286,2.7294436,1.5,-0.7,0.3,0.6
0.63644123,1.0376126,1.5,-0.7,0.3,0.6
-1.3059707,2.8273342,1.5,-0.7,0.3,0.6
1.6989591,3.0316267,1.5,-0.7,0.3,0.6
0.46632242,0.0488829,1.5,-0.7,0.3,0.6
-0.5567672,1.3090765,1.5,-0.7,0.3,0.6
0.12990117,0.6505813,1.5,-0.7,0.3,0.6
0.62353706,0.6991266,1.5,-0.7,0.3,0.6
-0.7072263,2.1840875,1.5,-0.7,0.3,0.6
-1.5497117,4.9738274,1.5,-0.7,0.3,0.6
0.013443232,0.6408059,1.5,-0.7,0.3,0.6
0.036429882,-0.4532414,1.5,-0.7,0.3,0.6
0.04033041,-0.3565308,1.5,-0.7,0.3,0.6
-0.29186058,0.37403852,1.5,-0.7,0.3,0.6
1.284147,2.4349966,1.5,-0.7,0.3,0.6
-0.55811834,0.87459004,1.5,-0.7,0.3,0.6
-0.1935854,1.0023189,1.5,-0.7,0.3,0.6
0.8223753,0.85821724,1.5,-0.7,0.3,0.6
-1.2588747,4.0255866,1.5,-0.7,0.3,0.6
0.5355172,-0.06458205,1.5,-0.7,0.3,0.6
-0.44223142,0.92616177,1.5,-0.7,0.3,0.6
0.959347,-0.08977306,1.5,-0.7,0.3,0.6
-1.0849288,2.794046,1.5,-0.7,0.3,0.6
0.07391667,0.23575515,1.5,-0.7,0.3,0.6
0.19565868,-0.1673981,1.5,-0.7,0.3,0.6
-1.6091931,5.095855,1.5,-0.7,0.3,0.6
-1.4542844,4.200036,1.5,-0.7,0.3,0.6
0.76702666,0.4828087,1.5,-0.7,0.3,0.6
-0.582113,1.1693231,1.5,-0.7,0.3,0.6
1.1877933,1.8985654,1.5,-0.7,0.3,0.6
-1.9757252,7.6314397,1.5,-0.7,0.3,0.6
-0.98865724,2.7730668,1.5,-0.7,0.3,0.6
-1.6473238,5.2286444,1.5,-0.7,0.3,0.6
0.7989428,1.0043808,1.5,-0.7,0.3,0.6
-0.057982683,-0.11814588,1.5,-0.7,0.3,0.6
-0.37304282,0.5651581,1.5,-0.7,0.3,0.6
-0.3327427,1.5542212,1.5,-0.7,0.3,0.6
-1.5632977,5.018474,1.5,-0.7,0.3,0.6
0.56718993,0.28779444,1.5,-0.7,0.3,0.6
0.049851656,-0.5614028,1.5,-0.7,0.3,0.6
-1.3802259,4.495028,1.5,-0.7,0.3,0.6
0.7525754,-1.2063498,1.5,-0.7,0.3,0.6
-0.040198088,-0.2964144,1.5,-0.7,0.3,0.6
-1.9342952,7.772294,1.5,-0.7,0.3,0.6
1.0758405,2.3982525,1.5,-0.7,0.3,0.6
1.0697742,-1.0901406,1.5,-0.7,0.3,0.6
-0.37682033,0.9828722,1.5,-0.7,0.3,0.6
-1.3808763,3.456829,1.5,-0.7,0.3,0.6
0.08030009,-0.20875722,1.5,-0.7,0.3,0.6
1.5091596,2.756466,1.5,-0.7,0.3,0.6
1.8306797,3.6109564,1.5,-0.7,0.3,0.6
-1.5096021,4.8076615,1.5,-0.7,0.3,0.6
-0.90333796,1.5764751,1.5,-0.7,0.3,0.6
1.5572488,3.22927,1.5,-0.7,0.3,0.6
0.97755647,1.0074381,1.5,-0.7,0.3,0.6
1.2380259,1.2474957,1.5,-0.7,0.3,0.6
-0.9954686,2.479324,1.5,-0.7,0.3,0.6
1.723069,3.3318765,1.5,-0.7,0.3,0.6
-1.6441319,5.6959314,1.5,-0.7,0.3,0.6
-0.096337795,-0.13037181,1.5,-0.7,0.3,0.6
0.04152584,-0.60900307,1.5,-0.7,0.3,0.6
0.3359356,0.01028429,1.5,-0.7,0.3,0.6
-1.5091679,4.9107285,1.5,-0.7,0.3,0.6
1.8349328,5.0771766,1.5,-0.7,0.3,0.6
1.9655464,4.5348325,1.5,-0.7,0.3,0.6
-1.3812149,4.0752373,1.5,-0.7,0.3,0.6
0.073881626,0.33016425,1.5,-0.7,0.3,0.6
-1.0653243,3.2416975,1.5,-0.7,0.3,0.6
1.9177692,3.7877614,1.5,-0.7,0.3,0.6
1.1153314,0.729323,1.5,-0.7,0.3,0.6
1.1778014,1.8657036,1.5,-0.7,0.3,0.6
0.6452091,1.1012611,1.5,-0.7,0.3,0.6
-0.1991136,0.7659853,1.5,-0.7,0.3,0.6
1.1261249,2.3333936,1.5,-0.7,0.3,0.6
0.034056425,0.29493228,1.5,-0.7,0.3,0.6
-0.72943044,1.0312102,1.5,-0.7,0.3,0.6
1.0326164,0.9389225,1.5,-0.7,0.3,0.6
0.6276126,-0.18520406,1.5,-0.7,0.3,0.6
-0.51822925,1.9016786,1.5,-0.7,0.3,0.6
-0.54811215,0.79865754,1.5,-0.7,0.3,0.6
-1.7686791,5.997451,1.5,-0.7,0.3,0.6
-0.54823685,0.9335858,1.5,-0.7,0.3,0.6
-0.81022835,1.3418111,1.5,-0.7,0.3,0.6
-1.0900977,1.7548485,1.5,-0.7,0.3,0.6
-1.8064368,6.8971395,1.5,-0.7,0.3,0.6
1.5665522,3.6218581,1.5,-0.7,0.3,0.6
-1.7873831,5.8190746,1.5,-0.7,0.3,0.6
1.985429,5.200219,1.5,-0.7,0.3,0.6
-1.0490456,3.159408,1.5,-0.7,0.3,0.6
-0.1537342,0.19426282,1.5,-0.7,0.3,0.6
1.631484,4.3738785,1.5,-0.7,0.3,0.6
0.6598227,0.47979975,1.5,-0.7,0.3,0.6
-0.57099867,0.7725332,1.5,-0.7,0.3,0.6
-1.6101139,5.566159,1.5,-0.7,0.3,0.6
-0.81771064,2.50693,1.5,-0.7,0.3,0.6
1.6106122,2.8142855,1.5,-0.7,0.3,0.6
-0.75521946,1.6832038,1.5,-0.7,0.3,0.6
1.6668417,2.9989605,1.5,-0.7,0.3,0.6
-0.34443307,1.1397158,1.5,-0.7,0.3,0.6
-0.2550671,1.671526,1.5,-0.7,0.3,0.6
0.79822445,0.72263104,1.5,-0.7,0.3,0.6
-0.29386854,0.45001963,1.5,-0.7,0.3,0.6
-0.016843319,1.1856649,1.5,-0.7,0.3,0.6
1.3851862,1.8674914,1.5,-0.7,0.3,0.6
0.6683967,1.0951867,1.5,-0.7,0.3,0.6
-0.07960892,1.3145995,1.5,-0.7,0.3,0.6
0.76165843,-0.06252307,1.5,-0.7,0.3,0.6
1.7418878,3.7149396,1.5,-0.7,0.3,0.6
0.50408053,-0.25978896,1.5,-0.7,0.3,0.6
-0.5865042,1.8478096,1.5,-0.7,0.3,0.6
0.6553426,0.67838657,1.5,-0.7,0.3,0.6
-0.17497897,0.29637218,1.5,-0.7,0.3,0.6
-1.563648,6.285961,1.5,-0.7,0.3,0.6
-0.7722571,1.7359555,1.5,-0.7,0.3,0.6
0.9096272,0.47395572,1.5,-0.7,0.3,0.6
0.065588236,0.03577386,1.5,-0.7,0.3,0.6
0.7378886,0.6191189,1.5,-0.7,0.3,0.6
-1.17061,2.5559902,1.5,-0.7,0.3,0.6
1.8906713,3.8134365,1.5,-0.7,0.3,0.6
-0.83464503,0.9023143,1.5,-0.7,0.3,0.6
0.42651606,0.6146422,1.5,-0.7,0.3,0.6
-0.9772625,2.0306468,1.5,-0.7,0.3,0.6
-0.96466327,1.3443747,1.5,-0.7,0.3,0.6
0.8957443,0.5764266,1.5,-0.7,0.3,0.6
-0.5582826,0.7052642,1.5,-0.7,0.3,0.6
-1.26847,3.9221058,1.5,-0.7,0.3,0.6
-0.8174889,0.54142594,1.5,-0.7,0.3,0.6
1.4584014,2.2097387,1.5,-0.7,0.3,0.6
1.203934,2.2094483,1.5,-0.7,0.3,0.6
1.2174089,2.4370568,1.5,-0.7,0.3,0.6
-1.706923,6.4664316,1.5,-0.7,0.3,0.6
0.9418571,1.0664502,1.5,-0.7,0.3,0.6
0.49932122,0.5684415,1.5,-0.7,0.3,0.6
-1.3448088,4.8893614,1.5,-0.7,0.3,0.6
0.063221455,0.14898309,1.5,-0.7,0.3,0.6
0.3999548,0.9976537,1.5,-0.7,0.3,0.6
-1.0804658,2.4995558,1.5,-0.7,0.3,0.6
-0.84402347,1.8056918,1.5,-0.7,0.3,0.6
1.6313803,3.2724545,1.5,-0.7,0.3,0.6
-0.16158104,-0.8229417,1.5,-0.7,0.3,0.6
-0.021123648,0.8487638,1.5,-0.7,0.3,0.6
-1.2657919,4.0929804,1.5,-0.7,0.3,0.6
-1.1959243,3.2327154,1.5,-0.7,0.3,0.6
1.8413599,3.9434109,1.5,-0.7,0.3,0.6
0.744318,0.42940772,1.5,-0.7,0.3,0.6
-0.31655383,0.8354848,1.5,-0.7,0.3,0.6
1.218405,2.6084151,1.5,-0.7,0.3,0.6
-0.95146513,2.078913,1.5,-0.7,0.3,0.6
-1.7446508,6.1551003,1.5,-0.7,0.3,0.6
-1.9855852,6.858658,1.5,-0.7,0.3,0.6
0.812644,0.96015644,1.5,-0.7,0.3,0.6
-0.7797921,3.1988676,1.5,-0.7,0.3,0.6
1.2281082,1.8717772,1.5,-0.7,0.3,0.6
1.7085764,3.2256036,1.5,-0.7,0.3,0.6
0.6589296,1.0556515,1.5,-0.7,0.3,0.6
1.718353,4.209903,1.5,-0.7,0.3,0.6
-0.4606676,1.5453595,1.5,-0.7,0.3,0.6
1.7428124,2.994545,1.5,-0.7,0.3,0.6
-0.9536495,2.6113224,1.5,-0.7,0.3,0.6
-0.2624538,1.007767,1.5,-0.7,0.3,0.6
1.3291605,0.9405966,1.5,-0.7,0.3,0.6
-1.036196,2.4543464,1.5,-0.7,0.3,0.6
1.5261264,2.5016198,1.5,-0.7,0.3,0.6
0.49022245,1.3385965,1.5,-0.7,0.3,0.6
-0.039179087,0.22453699,1.5,-0.7,0.3,0.6
1.7116237,2.271372,1.5,-0.7,0.3,0.6
1.5002203,2.4608908,1.5,-0.7,0.3,0.6
-0.82260394,2.8089824,1.5,-0.7,0.3,0.6
0.1939888,-0.05222626,1.5,-0.7,0.3,0.6
0.23308945,-0.17218354,1.5,-0.7,0.3,0.6
1.6382403,3.6943398,1.5,-0.7,0.3,0.6
1.1238155,0.98901784,1.5,-0.7,0.3,0.6
1.6194148,3.18777,1.5,-0.7,0.3,0.6
1.2192724,2.4274595,1.5,-0.7,0.3,0.6
-1.7402532,5.286008,1.5,-0.7,0.3,0.6
1.3287239,2.1572776,1.5,-0.7,0.3,0.6
-0.53109765,1.2687827,1.5,-0.7,0.3,0.6
1.60461,3.637808,1.5,-0.7,0.3,0.6
1.2585406,0.9531763,1.5,-0.7,0.3,0.6
-1.1690474,2.976756,1.5,-0.7,0.3,0.6
-0.21051526,-0.35733837,1.5,-0.7,0.3,0.6
0.2985189,-0.19589473,1.5,-0.7,0.3,0.6
0.5715852,-0.17944375,1.5,-0.7,0.3,0.6
-1.8523281,7.156587,1.5,-0.7,0.3,0.6
0.08947849,-0.27510497,1.5,-0.7,0.3,0.6
1.0420277,1.5182528,1.5,-0.7,0.3,0.6
1.129036,0.27679074,1.5,-0.7,0.3,0.6
0.9837434,1.3057448,1.5,-0.7,0.3,0.6
0.3162539,0.72449434,1.5,-0.7,0.3,0.6
-1.9184947,7.303411,1.5,-0.7,0.3,0.6
1.3159432,1.7964065,1.5,-0.7,0.3,0.6
-1.5748401,4.8924947,1.5,-0.7,0.3,0.6
-1.1753905,2.9737425,1.5,-0.7,0.3,0.6
0.023397923,1.0367651,1.5,-0.7,0.3,0.6
0.6089723,0.40875137,1.5,-0.7,0.3,0.6
1.1619651,1.7233403,1.5,-0.7,0.3,0.6
-0.28086996,-0.14894968,1.5,-0.7,0.3,0.6
-1.0293183,2.3503745,1.5,-0.7,0.3,0.6
-0.17217994,1.2501861,1.5,-0.7,0.3,0.6
0.6553898,0.16993272,1.5,-0.7,0.3,0.6
-1.1251402,1.4210961,1.5,-0.7,0.3,0.6
-1.737087,6.2917933,1.5,-0.7,0.3,0.6
0.95487523,0.7546631,1.5,-0.7,0.3,0.6
-1.3235421,4.2446084,1.5,-0.7,0.3,0.6
-1.1256108,3.8366208,1.5,-0.7,0.3,0.6
1.6591923,3.603954,1.5,-0.7,0.3,0.6
-1.3178804,4.9036026,1.5,-0.7,0.3,0.6
-1.6229682,5.4242806,1.5,-0.7,0.3,0.6
1.5201375,2.1526256,1.5,-0.7,0.3,0.6
-0.9543762,3.2965014,1.5,-0.7,0.3,0.6
0.12983012,-0.012695,1.5,-0.7,0.3,0.6
1.9923975,5.433692,1.5,-0.7,0.3,0.6
-0.7980759,2.476287,1.5,-0.7,0.3,0.6
1.8628764,3.5239508,1.5,-0.7,0.3,0.6
1.5890062,3.245716,1.5,-0.7,0.3,0.6
1.544687,3.126218,1.5,-0.7,0.3,0.6
0.5932214,1.4130539,1.5,-0.7,0.3,0.6
-0.9014919,2.3876204,1.5,-0.7,0.3,0.6
1.2592361,3.4288316,1.5,-0.7,0.3,0.6
-1.369906,4.3628526,1.5,-0.7,0.3,0.6
-1.1652036,3.296739,1.5,-0.7,0.3,0.6
-0.9641044,2.2490737,1.5,-0.7,0.3,0.6
0.86499476,-0.43984556,1.5,-0.7,0.3,0.6
0.27546048,-0.19464481,1.5,-0.7,0.3,0.6
1.2724612,1.6654905,1.5,-0.7,0.3,0.6
1.3144848,2.6336732,1.5,-0.7,0.3,0.6
0.11678529,-0.88757086,1.5,-0.7,0.3,0.6
1.1657908,1.7175677,1.5,-0.7,0.3,0.6
-1.4453957,3.408503,1.5,-0.7,0.3,0.6
-1.9114807,6.4946184,1.5,-0.7,0.3,0.6
-1.6293886,4.4280143,1.5,-0.7,0.3,0.6
1.1036608,0.66396207,1.5,-0.7,0.3,0.6
1.8390172,4.1524596,1.5,-0.7,0.3,0.6
-0.55310893,1.674697,1.5,-0.7,0.3,0.6
1.1065536,1.6316184,1.5,-0.7,0.3,0.6
-1.4290938,4.068432,1.5,-0.7,0.3,0.6
-0.03774333,0.18987216,1.5,-0.7,0.3,0.6
-0.012065649,0.6316718,1.5,-0.7,0.3,0.6
-0.579005,1.5410689,1.5,-0.7,0.3,0.6
-0.9694481,2.488888,1.5,-0.7,0.3,0.6
0.9383006,1.4506738,1.5,-0.7,0.3,0.6
-0.17421174,0.5556096,1.5,-0.7,0.3,0.6
-0.39637375,0.5856654,1.5,-0.7,0.3,0.6
1.389442,1.5482861,1.5,-0.7,0.3,0.6
-1.518796,4.719013,1.5,-0.7,0.3,0.6
1.3060517,2.4997187,1.5,-0.7,0.3,0.6
1.7762344,3.807748,1.5,-0.7,0.3,0.6
-1.2286644,3.6849165,1.5,-0.7,0.3,0.6
-1.8949976,6.4972234,1.5,-0.7,0.3,0.6
0.2782073,1.1025016,1.5,-0.7,0.3,0.6
-1.5211558,6.032336,1.5,-0.7,0.3,0.6
0.8363054,0.69587624,1.5,-0.7,0.3,0.6
-1.5950675,6.1516356,1.5,-0.7,0.3,0.6
-1.5609958,4.8643475,1.5,-0.7,0.3,0.6
0.54101896,-0.007573575,1.5,-0.7,0.3,0.6
-0.5125463,1.3853478,1.5,-0.7,0.3,0.6
-1.7703552,7.699758,1.5,-0.7,0.3,0.6
0.7803879,0.53540766,1.5,-0.7,0.3,0.6
0.7064519,0.796224,1.5,-0.7,0.3,0.6
0.26952505,-0.5656723,1.5,-0.7,0.3,0.6
1.3068936,1.9545331,1.5,-0.7,0.3,0.6
-0.8029978,1.21451,1.5,-0.7,0.3,0.6
1.8254542,3.9342976,1.5,-0.7,0.3,0.6
-1.524308,4.679917,1.5,-0.7,0.3,0.6
1.8033481,3.1623228,1.5,-0.7,0.3,0.6
1.4860985,2.569706,1.5,-0.7,0.3,0.6
-1.7790842,6.924568,1.5,-0.7,0.3,0.6
-0.1776483,1.0431529,1.5,-0.7,0.3,0.6
-1.0759084,2.35611,1.5,-0.7,0.3,0.6
1.9679043,5.871032,1.5,-0.7,0.3,0.6
-0.083443165,0.21155958,1.5,-0.7,0.3,0.6
1.1780746,1.9913538,1.5,-0.7,0.3,0.6
1.7291093,2.6305602,1.5,-0.7,0.3,0.6
-1.5422349,4.82748,1.5,-0.7,0.3,0.6
1.2157831,1.843983,1.5,-0.7,0.3,0.6
-1.7397552,6.2923503,1.5,-0.7,0.3,0.6
-0.5401442,0.8949022,1.5,-0.7,0.3,0.6
-0.80643916,2.4193428,1.5,-0.7,0.3,0.6
-1.870548,6.1155767,1.5,-0.7,0.3,0.6
-1.8838315,6.771369,1.5,-0.7,0.3,0.6
-1.9282365,7.58114,1.5,-0.7,0.3,0.6
-1.5470657,4.819579,1.5,-0.7,0.3,0.6
-1.1175416,2.8353899,1.5,-0.7,0.3,0.6
-0.6592176,1.8988818,1.5,-0.7,0.3,0.6
1.1189582,0.9947916,1.5,-0.7,0.3,0.6
-0.3215027,0.4903726,1.5,-0.7,0.3,0.6
-1.9801998,8.329948,1.5,-0.7,0.3,0.6
-1.4527287,4.4283786,1.5,-0.7,0.3,0.6
1.4353328,1.8683102,1.5,-0.7,0.3,0.6
-1.9515808,8.215305,1.5,-0.7,0.3,0.6
-0.98374224,2.0014877,1.5,-0.7,0.3,0.6
-1.8100193,6.637274,1.5,-0.7,0.3,0.6
1.0760767,1.6880696,1.5,-0.7,0.3,0.6
1.3670778,2.4081407,1.5,-0.7,0.3,0.6
0.17500758,0.30495661,1.5,-0.7,0.3,0.6
-1.0054317,1.8620648,1.5,-0.7,0.3,0.6
-0.48487043,0.6295929,1.5,-0.7,0.3,0.6
0.11657262,1.0947254,1.5,-0.7,0.3,0.6
0.8381882,0.0255934,1.5,-0.7,0.3,0.6
0.034549236,0.41994908,1.5,-0.7,0.3,0.6
-0.93249464,1.9220707,1.5,-0.7,0.3,0.6
0.09688449,-0.04314415,1.5,-0.7,0.3,0.6
0.061270237,0.1362422,1.5,-0.7,0.3,0.6
0.018641949,0.81005645,1.5,-0.7,0.3,0.6
0.8699298,1.1171283,1.5,-0.7,0.3,0.6
-0.75374603,2.0819004,1.5,-0.7,0.3,0.6
0.1259656,-0.64598507,1.5,-0.7,0.3,0.6
0.008527517,0.87939334,1.5,-0.7,0.3,0.6
0.84432817,0.44587457,1.5,-0.7,0.3,0.6
-1.2242966,3.094838,1.5,-0.7,0.3,0.6
-1.563622,3.5694537,1.5,-0.7,0.3,0.6
-1.6277459,4.8306,1.5,-0.7,0.3,0.6
0.8402631,0.67321837,1.5,-0.7,0.3,0.6
1.59112,3.0046582,1.5,-0.7,0.3,0.6
1.9836948,4.8109684,1.5,-0.7,0.3,0.6
0.7141702,1.8837105,1.5,-0.7,0.3,0.6
-0.40775704,1.8299053,1.5,-0.7,0.3,0.6
0.36837387,0.26890677,1.5,-0.7,0.3,0.6
-1.9777579,7.8049073,1.5,-0.7,0.3,0.6
0.23088717,1.2451333,1.5,-0.7,0.3,0.6
-0.6601987,2.0291111,1.5,-0.7,0.3,0.6
-0.151829,0.028308421,1.5,-0.7,0.3,0.6
1.1488087,1.6809187,1.5,-0.7,0.3,0.6
-0.6884389,1.9920394,1.5,-0.7,0.3,0.6
-1.5149701,3.7288203,1.5,-0.7,0.3,0.6
0.1208086,0.1831546,1.5,-0.7,0.3,0.6
-0.5569384,1.075069,1.5,-0.7,0.3,0.6
-0.9326005,1.8271323,1.5,-0.7,0.3,0.6
-0.6109085,1.4530661,1.5,-0.7,0.3,0.6
-1.13394,3.9388168,1.5,-0.7,0.3,0.6
1.7555115,3.8320413,1.5,-0.7,0.3,0.6
0.13749623,-0.17902231,1.5,-0.7,0.3,0.6
-1.0614643,3.2209365,1.5,-0.7,0.3,0.6
1.275198,2.0648615,1.5,-0.7,0.3,0.6
0.30937934,-0.449425,1.5,-0.7,0.3,0.6
1.1481998,1.4864384,1.5,-0.7,0.3,0.6
1.5418246,3.4821272,1.5,-0.7,0.3,0.6
1.9765663,5.11106,1.5,-0.7,0.3,0.6
-0.51819754,0.8405434,1.5,-0.7,0.3,0.6
0.059295893,-0.690481,1.5,-0.7,0.3,0.6
-1.1589034,2.941219,1.5,-0.7,0.3,0.6
1.8247769,3.420208,1.5,-0.7,0.3,0.6
0.6365707,1.0440781,1.5,-0.7,0.3,0.6
-0.33111596,-0.16676515,1.5,-0.7,0.3,0.6
0.5011864,1.2849523,1.5,-0.7,0.3,0.6
1.9844205,5.2789984,1.5,-0.7,0.3,0.6
0.8143854,1.0750815,1.5,-0.7,0.3,0.6
0.9714031,0.8188325,1.5,-0.7,0.3,0.6
1.8465319,4.3849387,1.5,-0.7,0.3,0.6
0.08547044,0.49270105,1.5,-0.7,0.3,0.6
0.009589672,0.07862157,1.5,-0.7,0.3,0.6
0.4963882,0.986387,1.5,-0.7,0.3,0.6
-1.8484333,5.7286444,1.5,-0.7,0.3,0.6
0.6992457,0.647396,1.5,-0.7,0.3,0.6
-0.015041828,-0.6676672,1.5,-0.7,0.3,0.6
-0.09578133,0.40287802,1.5,-0.7,0.3,0.6
0.11505127,0.546869,1.5,-0.7,0.3,0.6
1.7715056,2.649982,1.5,-0.7,0.3,0.6
0.57392025,-0.48568842,1.5,-0.7,0.3,0.6
-1.8118742,5.9200606,1.5,-0.7,0.3,0.6
1.8528492,4.657995,1.5,-0.7,0.3,0.6
1.2197104,1.8484999,1.5,-0.7,0.3,0.6
1.0092762,0.9855895,1.5,-0.7,0.3,0.6
0.82532406,0.3198484,1.5,-0.7,0.3,0.6
0.19507027,-1.1913277,1.5,-0.7,0.3,0.6
-1.1042995,2.7784626,1.5,-0.7,0.3,0.6
1.2819872,1.2314826,1.5,-0.7,0.3,0.6
-1.4945245,4.0411735,1.5,-0.7,0.3,0.6
-1.2095356,2.8223248,1.5,-0.7,0.3,0.6
0.0050275326,0.15641922,1.5,-0.7,0.3,0.6
-1.5517657,4.8248444,1.5,-0.7,0.3,0.6
1.8143573,3.2991781,1.5,-0.7,0.3,0.6
1.9869945,5.0331607,1.5,-0.7,0.3,0.6
0.9967134,0.87400544,1.5,-0.7,0.3,0.6
1.2207701,1.6631817,1.5,-0.7,0.3,0.6
-1.9373362,7.000591,1.5,-0.7,0.3,0.6
1.726104,3.6083305,1.5,-0.7,0.3,0.6
0.35124493,-0.0977613,1.5,-0.7,0.3,0.6
-1.2632136,3.389688,1.5,-0.7,0.3,0.6
-1.3966753,3.935824,1.5,-0.7,0.3,0.6
0.4820633,0.10600026,1.5,-0.7,0.3,0.6
1.2055283,0.771924,1.5,-0.7,0.3,0.6
-0.53581786,1.2843226,1.5,-0.7,0.3,0.6
-0.48602843,1.6037109,1.5,-0.7,0.3,0.6
-0.3864565,0.75980324,1.5,-0.7,0.3,0.6
-1.8711448,7.322692,1.5,-0.7,0.3,0.6
1.4389508,1.0693438,1.5,-0.7,0.3,0.6
-0.17199636,1.0686624,1.5,-0.7,0.3,0.6
-1.835242,7.5249014,1.5,-0.7,0.3,0.6
-1.4993441,3.8623967,1.5,-0.7,0.3,0.6
0.62724423,0.9485096,1.5,-0.7,0.3,0.6
-1.9220157,8.456909,1.5,-0.7,0.3,0.6
1.4085546,2.2719657,1.5,-0.7,0.3,0.6
-1.6516814,5.010487,1.5,-0.7,0.3,0.6
-0.0683043,-0.059322387,1.5,-0.7,0.3,0.6
0.58971095,-0.99031067,1.5,-0.7,0.3,0.6
-0.9430196,1.6593851,1.5,-0.7,0.3,0.6
-1.29861,5.077536,1.5,-0.7,0.3,0.6
-0.21175456,0.06787488,1.5,-0.7,0.3,0.6
0.36015534,0.20560187,1.5,-0.7,0.3,0.6
-0.3556702,0.91666055,1.5,-0.7,0.3,0.6
0.897161,1.4514859,1.5,-0.7,0.3,0.6
1.0471911,0.39388353,1.5,-0.7,0.3,0.6
0.80258226,1.5551934,1.5,-0.7,0.3,0.6
1.8475921,4.233616,1.5,-0.7,0.3,0.6
-1.2140996,3.1967154,1.5,-0.7,0.3,0.6
-1.602205,5.0889525,1.5,-0.7,0.3,0.6
0.49279714,0.8021921,1.5,-0.7,0.3,0.6
0.3631611,-1.1102499,1.5,-0.7,0.3,0.6
1.923214,5.059432,1.5,-0.7,0.3,0.6
1.9390607,5.702235,1.5,-0.7,0.3,0.6
0.85801005,-0.46301013,1.5,-0.7,0.3,0.6
1.1845491,1.5045788,1.5,-0.7,0.3,0.6
0.9103761,0.83465445,1.5,-0.7,0.3,0.6
-0.14923644,0.44305417,1.5,-0.7,0.3,0.6
-1.8724759,6.3834844,1.5,-0.7,0.3,0.6
-0.79218054,2.0798213,1.5,-0.7,0.3,0.6
-1.6978488,5.9453406,1.5,-0.7,0.3,0.6
1.4206712,2.6227381,1.5,-0.7,0.3,0.6
-1.0810297,2.9784427,1.5,-0.7,0.3,0.6
-1.5770304,5.6040683,1.5,-0.7,0.3,0.6
-0.26231217,0.7863995,1.5,-0.7,0.3,0.6
1.3602488,1.6473236,1.5,-0.7,0.3,0.6
0.8744798,0.5283292,1.5,-0.7,0.3,0.6
0.73160267,0.8852941,1.5,-0.7,0.3,0.6
-0.12170863,1.3964863,1.5,-0.7,0.3,0.6
-1.8284578,7.3418484,1.5,-0.7,0.3,0.6
-1.1853576,2.4196403,1.5,-0.7,0.3,0.6
-1.6914716,6.888138,1.5,-0.7,0.3,0.6
-0.5967114,1.3311542,1.5,-0.7,0.3,0.6
1.3787987,1.5891378,1.5,-0.7,0.3,0.6
-1.3261015,4.157857,1.5,-0.7,0.3,0.6
-0.5146971,0.89658237,1.5,-0.7,0.3,0.6
1.963062,4.7805424,1.5,-0.7,0.3,0.6
1.3740938,1.5474608,1.5,-0.7,0.3,0.6
0.7270808,2.203236,1.5,-0.7,0.3,0.6
1.2705708,2.0712397,1.5,-0.7,0.3,0.6
-0.4063964,0.9467895,1.5,-0.7,0.3,0.6
-1.073731,2.9155345,1.5,-0.7,0.3,0.6
1.0104256,1.3797827,1.5,-0.7,0.3,0.6
0.53936815,0.8452316,1.5,-0.7,0.3,0.6
-0.62040925,1.528633,1.5,-0.7,0.3,0.6
1.5430117,4.331721,1.5,-0.7,0.3,0.6
-1.4251091,4.3362417,1.5,-0.7,0.3,0.6
-0.042165995,0.18701176,1.5,-0.7,0.3,0.6
1.616986,3.0775871,1.5,-0.7,0.3,0.6
0.64350677,0.5219579,1.5,-0.7,0.3,0.6
-1.5696259,5.169287,1.5,-0.7,0.3,0.6
0.32548833,1.2455294,1.5,-0.7,0.3,0.6
-0.28608537,0.35598755,1.5,-0.7,0.3,0.6
0.8261275,0.92585707,1.5,-0.7,0.3,0.6
1.1264718,1.0706943,1.5,-0.7,0.3,0.6
-1.4155216,5.100039,1.5,-0.7,0.3,0.6
-0.65868235,1.2322311,1.5,-0.7,0.3,0.6
1.6620367,3.2283077,1.5,-0.7,0.3,0.6
-1.4584174,4.1081944,1.5,-0.7,0.3,0.6
-0.4533329,0.7631344,1.5,-0.7,0.3,0.6
-0.666008,1.6350887,1.5,-0.7,0.3,0.6
-0.48927355,2.1983318,1.5,-0.7,0.3,0.6
-0.2752695,-0.012166858,1.5,-0.7,0.3,0.6
1.1483891,0.9089993,1.5,-0.7,0.3,0.6
1.2497833,1.3983347,1.5,-0.7,0.3,0.6
-0.7166934,0.5380492,1.5,-0.7,0.3,0.6
0.23281455,-0.37182412,1.5,-0.7,0.3,0.6
-1.8554792,6.3885756,1.5,-0.7,0.3,0.6
-0.7553284,1.3454628,1.5,-0.7,0.3,0.6
-0.186908,0.89705217,1.5,-0.7,0.3,0.6
-0.072583914,1.3479491,1.5,-0.7,0.3,0.6
0.36497283,0.33044752,1.5,-0.7,0.3,0.6
0.10976815,-0.16720417,1.5,-0.7,0.3,0.6
-0.59483147,-0.047518015,1.5,-0.7,0.3,0.6
1.4401855,1.2071077,1.5,-0.7,0.3,0.6
-0.6552198,0.57202226,1.5,-0.7,0.3,0.6
1.596931,4.3718653,1.5,-0.7,0.3,0.6
1.1806078,0.9816287,1.5,-0.7,0.3,0.6
-0.04418397,0.26918942,1.5,-0.7,0.3,0.6
-0.7376666,1.7446381,1.5,-0.7,0.3,0.6
1.2312155,2.0280447,1.5,-0.7,0.3,0.6
0.02199912,0.50564146,1.5,-0.7,0.3,0.6
-1.087785,2.1180434,1.5,-0.7,0.3,0.6
1.0831592,1.4840642,1.5,-0.7,0.3,0.6
0.15416431,-0.12298398,1.5,-0.7,0.3,0.6
1.9191647,4.365481,1.5,-0.7,0.3,0.6
-1.9669144,7.6734276,1.5,-0.7,0.3,0.6
0.48757648,0.7656009,1.5,-0.7,0.3,0.6
-1.8276002,6.1736145,1.5,-0.7,0.3,0.6
-0.89059496,1.2865126,1.5,-0.7,0.3,0.6
-0.19665384,0.99704266,1.5,-0.7,0.3,0.6
1.6248631,2.7407658,1.5,-0.7,0.3,0.6
-0.8315489,2.479582,1.5,-0.7,0.3,0.6
-1.161547,3.014957,1.5,-0.7,0.3,0.6
-0.13061929,0.19503747,1.5,-0.7,0.3,0.6
-0.24436784,-0.50169003,1.5,-0.7,0.3,0.6
-1.5855742,4.811837,1.5,-0.7,0.3,0.6
0.056662798,-0.17098123,1.5,-0.7,0.3,0.6
1.061892,1.6346736,1.5,-0.7,0.3,0.6
-0.8604872,1.6057748,1.5,-0.7,0.3,0.6
-1.5883198,6.2416835,1.5,-0.7,0.3,0.6
-1.4151678,4.2702513,1.5,-0.7,0.3,0.6
0.9502907,0.5392269,1.5,-0.7,0.3,0.6
-0.121931314,0.15932615,1.5,-0.7,0.3,0.6
1.4507251,3.1053686,1.5,-0.7,0.3,0.6
-0.18068433,0.057465732,1.5,-0.7,0.3,0.6
0.039108038,0.8569841,1.5,-0.7,0.3,0.6
1.6622078,4.146123,1.5,-0.7,0.3,0.6
0.6541848,0.8842361,1.5,-0.7,0.3,0.6
-1.4157157,4.2441936,1.5,-0.7,0.3,0.6
0.3695104,-0.2301523,1.5,-0.7,0.3,0.6
-0.057100773,0.30325937,1.5,-0.7,0.3,0.6
-1.3156121,4.6627812,1.5,-0.7,0.3,0.6
1.7212725,2.6408205,1.5,-0.7,0.3,0.6
0.91383004,0.34556746,1.5,-0.7,0.3,0.6
-0.84362006,3.043843,1.5,-0.7,0.3,0.6
-1.7839973,6.345736,1.5,-0.7,0.3,0.6
0.8466127,0.6201078,1.5,-0.7,0.3,0.6
-1.7213664,6.1458797,1.5,-0.7,0.3,0.6
0.40406775,0.94752264,1.5,-0.7,0.3,0.6
-1.2499361,3.8430033,1.5,-0.7,0.3,0.6
0.33419275,0.028356612,1.5,-0.7,0.3,0.6
0.39856577,0.2829042,1.5,-0.7,0.3,0.6
0.976671,1.3350668,1.5,-0.7,0.3,0.6
-0.5974331,1.2522786,1.5,-0.7,0.3,0.6
-0.026418447,0.46605742,1.5,-0.7,0.3,0.6
-1.0720453,2.535595,1.5,-0.7,0.3,0.6
0.16265798,-0.041831583,1.5,-0.7,0.3,0.6
0.12002921,-0.17851491,1.5,-0.7,0.3,0.6
1.7424874,3.9643571,1.5,-0.7,0.3,0.6
1.9277773,2.7136126,1.5,-0.7,0.3,0.6
-0.35582423,1.4398472,1.5,-0.7,0.3,0.6
-0.848403,0.66538477,1.5,-0.7,0.3,0.6
-0.26006222,-0.23363447,1.5,-0.7,0.3,0.6
-1.3224242,2.861618,1.5,-0.7,0.3,0.6
-0.91803575,2.2205691,1.5,-0.7,0.3,0.6
-1.3038385,4.0592623,1.5,-0.7,0.3,0.6
-1.2951825,3.2707775,1.5,-0.7,0.3,0.6
1.56267,3.1888046,1.5,-0.7,0.3,0.6
0.54080534,0.6667621,1.5,-0.7,0.3,0.6
-0.8283949,1.4639603,1.5,-0.7,0.3,0.6
-1.9712446,7.2626915,1.5,-0.7,0.3,0.6
0.8724873,1.1298184,1.5,-0.7,0.3,0.6
-1.2383525,3.2438831,1.5,-0.7,0.3,0.6
-1.9794903,8.040659,1.5,-0.7,0.3,0.6
-1.9532106,7.710801,1.5,-0.7,0.3,0.6
0.64033794,1.0324618,1.5,-0.7,0.3,0.6
0.4137547,0.6575538,1.5,-0.7,0.3,0.6
0.023288965,0.9978305,1.5,-0.7,0.3,0.6
-1.9194946,7.1674404,1.5,-0.7,0.3,0.6
0.65033484,0.90856284,1.5,-0.7,0.3,0.6
-1.7040329,5.173652,1.5,-0.7,0.3,0.6
0.27085447,-0.5706055,1.5,-0.7,0.3,0.6
0.22682905,-0.10091603,1.5,-0.7,0.3,0.6
-1.381624,4.377951,1.5,-0.7,0.3,0.6
-0.05645275,0.38268518,1.5,-0.7,0.3,0.6
-1.5645242,4.394277,1.5,-0.7,0.3,0.6
1.6646001,3.6993794,1.5,-0.7,0.3,0.6
-0.7890482,1.8852112,1.5,-0.7,0.3,0.6
0.879828,1.0082259,1.5,-0.7,0.3,0.6
-1.7320013,6.0554895,1.5,-0.7,0.3,0.6
0.63169813,1.0172755,1.5,-0.7,0.3,0.6
-1.9067142,6.2630887,1.5,-0.7,0.3,0.6
-0.23836064,0.5632982,1.5,-0.7,0.3,0.6
0.4810636,0.042210907,1.5,-0.7,0.3,0.6
-0.14071345,-0.36588717,1.5,-0.7,0.3,0.6
1.1776972,0.42731833,1.5,-0.7,0.3,0.6
1.5806689,1.9708586,1.5,-0.7,0.3,0.6
-1.4378037,5.6065655,1.5,-0.7,0.3,0.6
1.4329402,2.6895273,1.5,-0.7,0.3,0.6
-1.4141476,4.279728,1.5,-0.7,0.3,0.6
-1.2940974,3.6200173,1.5,-0.7,0.3,0.6
-0.39736438,2.1092465,1.5,-0.7,0.3,0.6
1.8163419,3.1937013,1.5,-0.7,0.3,0.6
1.4268999,2.6407716,1.5,-0.7,0.3,0.6
-0.1582799,0.7401329,1.5,-0.7,0.3,0.6
-1.1046686,2.2945645,1.5,-0.7,0.3,0.6
-0.78139806,2.7063437,1.5,-0.7,0.3,0.6
-0.7925868,0.97976714,1.5,-0.7,0.3,0.6
1.1087556,2.0907817,1.5,-0.7,0.3,0.6
-0.014719963,1.0793068,1.5,-0.7,0.3,0.6
-0.46170616,0.14084041,1.5,-0.7,0.3,0.6
-1.6209946,4.8824086,1.5,-0.7,0.3,0.6
0.1639626,-0.3127336,1.5,-0.7,0.3,0.6
1.2359731,1.1406884,1.5,-0.7,0.3,0.6
1.2627807,2.5504675,1.5,-0.7,0.3,0.6
0.17255592,0.2221774,1.5,-0.7,0.3,0.6
1.8381639,4.2554708,1.5,-0.7,0.3,0.6
-0.4944744,1.2009498,1.5,-0.7,0.3,0.6
1.5538747,2.788516,1.5,-0.7,0.3,0.6
1.1177914,1.1611372,1.5,-0.7,0.3,0.6
1.7666526,3.3822188,1.5,-0.7,0.3,0.6
1.0303166,0.66565144,1.5,-0.7,0.3,0.6
-1.8004098,6.390211,1.5,-0.7,0.3,0.6
0.9790497,1.3957243,1.5,-0.7,0.3,0.6
-1.444911,3.7540908,1.5,-0.7,0.3,0.6
-1.3395007,4.2010865,1.5,-0.7,0.3,0.6
-1.4037218,4.713966,1.5,-0.7,0.3,0.6
-0.926111,1.3612151,1.5,-0.7,0.3,0.6
-1.7963791,7.0928516,1.5,-0.7,0.3,0.6
1.7082965,3.6133475,1.5,-0.7,0.3,0.6
-0.8425579,1.3042387,1.5,-0.7,0.3,0.6
1.308857,1.4006774,1.5,-0.7,0.3,0.6
1.7931073,3.8948212,1.5,-0.7,0.3,0.6
1.2682908,2.0822017,1.5,-0.7,0.3,0.6
1.4873061,3.2478828,1.5,-0.7,0.3,0.6
0.05056739,0.32208958,1.5,-0.7,0.3,0.6
-1.9655747,7.663462,1.5,-0.7,0.3,0.6
